0	0.0	0.380651337794	0.451957042037	0.422006933289	0.126748560483	0.460028467663	0.163523002146	0.397154482184	0.473738249602	0.126748560483	0.379286648899	0.438671081734	0.434653069619	0.457566537989	0.427212049042	0.413548684182	0.409300921652	0.42454254922	0.397850361602	0.126748560483	0.126748560483	0.126748560483	0.36826274509	0.393362788309	0.399537964328	0.411301623181	0.452505987637	0.4369659679	0.374834301375	0.386039359131	0.126748560483	0.126748560483	0.435056543212	0.371683693071	0.418804352983	0.473063930119	0.340054704734	0.467615570069	0.34196000707	0.467151845444	0.126748560483	0.126748560483	0.429668296729	0.450598766251	0.488503098274	0.413959016597	0.447181634815	0.446476711333	0.447426521797	0.425881462849	0.368790848211	0.404663630488	0.126748560483	0.426728460246	0.430412205527	0.373447444566	0.469619846804	0.376531279026	0.475703355318	0.41359919922	0.466220855661	0.398431620679	0.391697009871	0.425978497407	0.485305614383	0.446927574953	0.425932237179	0.126748560483	0.454694857463	0.440552919209	0.433516761712	0.411391313584	0.476159723722	
1	0.382597608513	0.0	0.341177074912	0.403946340707	0.128677543104	0.421423265681	0.25034715739	0.231250144739	0.346481168235	0.128677543104	0.266222870038	0.228264887195	0.354133878473	0.412275417412	0.381726833403	0.21132002811	0.27779937475	0.273298367987	0.447928961606	0.128677543104	0.128677543104	0.128677543104	0.416590561344	0.292339105352	0.450937167559	0.268338142535	0.359588949832	0.376076334522	0.213396377466	0.227312164445	0.128677543104	0.128677543104	0.343813709427	0.263977635156	0.311331589635	0.402685495955	0.191891146524	0.414149601989	0.268455469289	0.307427543832	0.128677543104	0.128677543104	0.287730147576	0.401688889122	0.384511000417	0.323091166793	0.393283709673	0.2919033569	0.311228208298	0.265356541872	0.228788686866	0.241079379891	0.128677543104	0.336900765601	0.36110170382	0.223045083514	0.382394354956	0.226417423964	0.399610155978	0.263980954823	0.378355783946	0.259558590866	0.362260752837	0.250125398646	0.351517202031	0.294910821825	0.315025076172	0.128677543104	0.406112839313	0.29181849645	0.330862090295	0.286848229314	0.387323724785	
2	0.441655134655	0.26978584661	0.0	0.357384384404	0.126295931083	0.398867226096	0.158218055118	0.362412353743	0.430333590056	0.126295931083	0.403392203664	0.39727013237	0.432365431389	0.438307770785	0.455412057206	0.379538333924	0.405459402966	0.377507763557	0.33825853235	0.126295931083	0.126295931083	0.126295931083	0.274540831814	0.454827718692	0.363866194276	0.390489434312	0.454867635452	0.477942355216	0.379282965344	0.422879765124	0.126295931083	0.126295931083	0.48041354097	0.253745837635	0.453103161466	0.500227267309	0.322225461279	0.446987681251	0.34854358847	0.448277646236	0.126295931083	0.126295931083	0.412593813526	0.420828142336	0.406212128304	0.401881308576	0.409618828638	0.442824784524	0.409495822248	0.379225486564	0.330964245842	0.413299968868	0.126295931083	0.381740668028	0.376468347367	0.342948288869	0.475340360583	0.376008391401	0.462907732375	0.392100346802	0.440733504535	0.43380272305	0.426631409483	0.430897434221	0.504450087118	0.452950964324	0.446907585199	0.126295931083	0.438654150037	0.40181621098	0.41925580745	0.361380727493	0.386564180454	
3	0.422006933289	0.394492067469	0.337202658663	0.0	0.128677543104	0.38904131848	0.295396872373	0.22805555559	0.324158774318	0.128677543104	0.290366169167	0.235083376467	0.299033860632	0.434973145211	0.39300487166	0.20849536204	0.287695037925	0.304094246478	0.433258213746	0.128677543104	0.128677543104	0.128677543104	0.440072428362	0.316021290023	0.343735392955	0.31260180857	0.413861618018	0.41448371092	0.209863523383	0.263742603703	0.128677543104	0.128677543104	0.352902978444	0.389226434942	0.33947279274	0.429418541906	0.198640211598	0.429890894854	0.259978478348	0.305287962958	0.128677543104	0.128677543104	0.329866328273	0.311004846509	0.345000118061	0.307400127466	0.349540189258	0.286523291233	0.352191346865	0.289871053389	0.228731598985	0.246937687507	0.128677543104	0.329109535934	0.375240194764	0.226657407983	0.389665216702	0.213567766609	0.372341921924	0.234338521372	0.405232111424	0.295250655466	0.358397901276	0.234064310484	0.339616423133	0.315782713642	0.339469858009	0.128677543104	0.424117347775	0.311637045127	0.341374737428	0.295335367898	0.386142572516	
4	0.126748560483	0.128677543104	0.126295931083	0.128677543104	0.5	0.177787475505	0.0	0.198607404131	0.142911455025	0.5	0.146103482669	0.197459963716	0.126295931083	0.129055919944	0.127208696262	0.190505319391	0.130538555981	0.283401463335	0.126012791557	0.5	0.5	0.5	0.119827616791	0.177151604803	0.128677543104	0.136079072542	0.148563486365	0.178679419131	0.159005707092	0.169805942485	0.5	0.5	0.184071986892	0.126012791557	0.135593458049	0.194061564959	0.189700788335	0.128604505867	0.25408313791	0.21471307987	0.5	0.5	0.202795432346	0.130343544391	0.167074718289	0.124581717924	0.130343544391	0.243787837318	0.153375050848	0.137299018653	0.212899941225	0.19896853773	0.5	0.146478520477	0.128141128872	0.226618627652	0.141662753816	0.207760059615	0.350909647163	0.204172623306	0.125852247743	0.209652491357	0.343365768182	0.231510421686	0.222390352155	0.241964903175	0.124179151796	0.5	0.128141128872	0.20638346147	0.122317833056	0.294307891486	0.174603708433	
5	0.473710176153	0.454905501429	0.40571522217	0.377779911896	0.177787475505	0.0	0.223294526125	0.338205367629	0.487996509704	0.177787475505	0.323340252582	0.38567496862	0.474117444111	0.457846163163	0.454504679902	0.348362465545	0.372645322127	0.380465593734	0.392547161091	0.177787475505	0.177787475505	0.177787475505	0.350371985131	0.377027883796	0.43211112283	0.350291515894	0.48456554298	0.516826282257	0.353494402541	0.355562154945	0.177787475505	0.177787475505	0.400588383464	0.397458062888	0.478798913018	0.491843255203	0.309625477937	0.457967186666	0.333402077448	0.417642653621	0.177787475505	0.177787475505	0.378413863632	0.463792900655	0.479597623771	0.441490404367	0.466580476807	0.42691507792	0.449682846994	0.368433229575	0.329256116357	0.390892274395	0.177787475505	0.430006176944	0.408232476054	0.331496413648	0.485681625679	0.322421077941	0.446152618859	0.374984810285	0.483206391827	0.368319124435	0.411974352774	0.389001219771	0.484213309759	0.372352026054	0.430351334505	0.177787475505	0.460064300236	0.397001021352	0.402518085269	0.405489643597	0.449501992484	
6	0.163523002146	0.25034715739	0.158218055118	0.295396872373	0.0	0.223294526125	0.0	0.204966879597	0.196945313311	0.0	0.157859394646	0.204116976878	0.158218055118	0.184599443592	0.163727098002	0.198653847196	0.145670204858	0.287812672916	0.362219753377	0.0	0.0	0.0	0.374026609471	0.187752426744	0.271076130246	0.14512488636	0.18498375243	0.195303508252	0.165589528951	0.176942867561	0.0	0.0	0.201921498826	0.331115558441	0.166667261661	0.245650695749	0.193669615024	0.189883387943	0.257253137431	0.22890687944	0.0	0.0	0.212834217252	0.207759740353	0.219172430335	0.155156552325	0.218196299005	0.25442718369	0.19386668773	0.150142837632	0.21717985601	0.212325188324	0.0	0.167238788291	0.178843286984	0.231113739429	0.184330116808	0.211925133305	0.366301245656	0.210707938619	0.162969680438	0.216900061753	0.345963622868	0.240739506489	0.238928314747	0.24885793726	0.14820483788	0.0	0.174492063838	0.216232924056	0.141382771046	0.300047007121	0.208970354193	
7	0.397603683044	0.291705284085	0.366978043702	0.221535932416	0.198607404131	0.330146566038	0.204966879597	0.0	0.228250489792	0.198607404131	0.436330978943	0.416783001225	0.381447722937	0.265476607761	0.331703828405	0.46333279377	0.404565026803	0.422503971834	0.22736078161	0.198607404131	0.198607404131	0.198607404131	0.251364136007	0.480633783947	0.235305766626	0.474505372187	0.433890255287	0.423681169396	0.441016714556	0.528313614151	0.198607404131	0.198607404131	0.440075267393	0.221124591665	0.449255341083	0.418919845424	0.447356271254	0.352465540633	0.4231940481	0.435550181775	0.198607404131	0.198607404131	0.420309749523	0.307930976153	0.354363636258	0.406456440431	0.276036767051	0.463297298896	0.377614820381	0.417627561486	0.444173379048	0.378867908668	0.198607404131	0.387605114887	0.387869194699	0.462035550973	0.413038002814	0.482287107732	0.463061906874	0.4868062891	0.424335354222	0.472518745804	0.461437152106	0.397539178402	0.450678220178	0.478844394702	0.453430695204	0.198607404131	0.371728787684	0.400417956265	0.38157821058	0.416435827933	0.414695149182	
8	0.473349122789	0.306506961208	0.421469642173	0.297204882373	0.142911455025	0.487996509704	0.196945313311	0.253538574802	0.0	0.142911455025	0.321675944575	0.315002133131	0.391484619637	0.41459238147	0.459681055121	0.23528111774	0.340526647646	0.282355457075	0.3918698552	0.142911455025	0.142911455025	0.142911455025	0.334634005388	0.356842716227	0.360755974002	0.319361375154	0.440471832266	0.488528686601	0.300223287	0.33526589029	0.142911455025	0.142911455025	0.422691515688	0.294177097277	0.445083527828	0.499136747767	0.202539070852	0.477580033555	0.262433807234	0.335428137243	0.142911455025	0.142911455025	0.321617715572	0.336102047269	0.435053256887	0.402583997723	0.349680779758	0.328575694482	0.410337081909	0.318591813716	0.249459149434	0.252043511778	0.142911455025	0.409202268748	0.455385199726	0.230746804426	0.385119322771	0.249765643596	0.419018078956	0.302677219691	0.404852375587	0.304753964336	0.380041981058	0.252106165788	0.434417522822	0.319349511993	0.416319190978	0.142911455025	0.467626550483	0.355006480853	0.378350358488	0.203772736202	0.473060580009	
9	0.126748560483	0.128677543104	0.126295931083	0.128677543104	0.5	0.177787475505	0.0	0.198607404131	0.142911455025	0.5	0.146103482669	0.197459963716	0.126295931083	0.129055919944	0.127208696262	0.190505319391	0.130538555981	0.283401463335	0.126012791557	0.5	0.5	0.5	0.119827616791	0.177151604803	0.128677543104	0.136079072542	0.148563486365	0.178679419131	0.159005707092	0.169805942485	0.5	0.5	0.184071986892	0.126012791557	0.135593458049	0.194061564959	0.189700788335	0.128604505867	0.25408313791	0.21471307987	0.5	0.5	0.202795432346	0.130343544391	0.167074718289	0.124581717924	0.130343544391	0.243787837318	0.153375050848	0.137299018653	0.212899941225	0.19896853773	0.5	0.146478520477	0.128141128872	0.226618627652	0.141662753816	0.207760059615	0.350909647163	0.204172623306	0.125852247743	0.209652491357	0.343365768182	0.231510421686	0.222390352155	0.241964903175	0.124179151796	0.5	0.128141128872	0.20638346147	0.122317833056	0.294307891486	0.174603708433	
10	0.389696071201	0.266222870038	0.382952208626	0.306016179067	0.146103482669	0.315247449774	0.157859394646	0.411954140408	0.363840331069	0.146103482669	0.0	0.480708578942	0.428593635566	0.328050307664	0.35504221727	0.488194852667	0.443152580309	0.495245481185	0.211864299844	0.146103482669	0.146103482669	0.146103482669	0.23362170212	0.483013106059	0.264996362314	0.471094954147	0.383935898025	0.400267236938	0.478956996036	0.472409923857	0.146103482669	0.146103482669	0.447617344216	0.24664830341	0.421428499587	0.402172948234	0.437092504521	0.349493478968	0.441421994537	0.481906747311	0.146103482669	0.146103482669	0.426434508887	0.352199608346	0.330247769532	0.393321598097	0.321006146362	0.503008480529	0.399189884106	0.423170907498	0.444899112806	0.452799512459	0.146103482669	0.393086190175	0.36213659521	0.459639252384	0.419998217928	0.441638116962	0.496696490165	0.509152476794	0.415004368613	0.505757411157	0.495897404523	0.499594320275	0.470545450368	0.499547700846	0.437403601566	0.146103482669	0.354590824639	0.453751993747	0.441491504759	0.535129192327	0.412169988814	
11	0.430840737986	0.230814187734	0.398058406273	0.291176832046	0.197459963716	0.349861716339	0.204116976878	0.448773968511	0.338277191128	0.197459963716	0.464851309937	0.0	0.432344995571	0.247733736133	0.400263314811	0.477985700614	0.454804269682	0.354527070321	0.226671856478	0.197459963716	0.197459963716	0.197459963716	0.220062759843	0.494469517463	0.294724428145	0.502843127705	0.424134471414	0.469959604683	0.458549427396	0.531110131744	0.197459963716	0.197459963716	0.458792249432	0.221263812533	0.410213538591	0.435883675325	0.436456738885	0.4211399932	0.478053331758	0.454828259985	0.197459963716	0.197459963716	0.432693925622	0.296612936225	0.308141276342	0.311701596098	0.235421903248	0.495517232509	0.35185348755	0.405532698933	0.456482643247	0.447610095695	0.197459963716	0.395586739493	0.314124937082	0.392069135915	0.430482456636	0.453252699826	0.41986435534	0.488653708703	0.349845878382	0.515055218665	0.418661637297	0.451504069314	0.389383977743	0.541743013493	0.39857933178	0.197459963716	0.303099603155	0.391123742537	0.455159771041	0.507705747791	0.397684226638	
12	0.408910619279	0.272333930697	0.437346005682	0.281544409828	0.126295931083	0.468990868785	0.158218055118	0.391578209491	0.388206011892	0.126295931083	0.411092752162	0.43149540695	0.0	0.434900711219	0.420702938236	0.400683944791	0.414250472666	0.410279577189	0.254271354351	0.126295931083	0.126295931083	0.126295931083	0.245973553169	0.431578515209	0.296495125106	0.434381043261	0.448376396751	0.503181224166	0.388592358122	0.414718901025	0.126295931083	0.126295931083	0.46886678361	0.257628640467	0.409962646959	0.451945708756	0.349485910161	0.447968457639	0.329538033792	0.437550353991	0.126295931083	0.126295931083	0.443291510314	0.307536831036	0.38801449053	0.437248393792	0.383983324295	0.446191674856	0.432883221798	0.399243480614	0.350938787277	0.414655549043	0.126295931083	0.453552732055	0.451761156458	0.350977755375	0.448601870122	0.352861858628	0.481408668689	0.394023777446	0.442337194887	0.434428813576	0.41044614441	0.439741082563	0.504508495075	0.44424455196	0.46688275071	0.126295931083	0.431879469872	0.434820679479	0.436913862435	0.359867585578	0.414856385223	
13	0.45757203821	0.403080997238	0.411054435746	0.380640938491	0.129055919944	0.457846163163	0.184599443592	0.276738617203	0.407861615371	0.129055919944	0.338329550316	0.258563222158	0.39448424177	0.0	0.438666931942	0.2769114154	0.369298153027	0.264657798704	0.392052841175	0.129055919944	0.129055919944	0.129055919944	0.33194932842	0.358166674925	0.36977031115	0.316531462823	0.456326454771	0.419496674771	0.312741913405	0.328554772514	0.129055919944	0.129055919944	0.409240603389	0.392052841175	0.413676583495	0.479138301333	0.253409473577	0.467831769638	0.295238253613	0.37202025562	0.129055919944	0.129055919944	0.347320314467	0.450851598537	0.47184590184	0.366173252504	0.452195187882	0.328676794087	0.411543128139	0.32986856453	0.235234747615	0.33727944101	0.129055919944	0.386938686457	0.41440561024	0.265456763319	0.447028140737	0.237588317039	0.362601911916	0.32309188553	0.437948682507	0.312065010266	0.33312773707	0.32440681744	0.369346341165	0.328999703054	0.366743340506	0.129055919944	0.436773435433	0.299975142762	0.390912772786	0.344317625985	0.428605767906	
14	0.443363480254	0.381726833403	0.456510412394	0.39300487166	0.127208696262	0.448573846014	0.163727098002	0.348533080739	0.462791098527	0.127208696262	0.419337353956	0.417706497549	0.451202204059	0.394850821662	0.0	0.388873805785	0.406156751674	0.377525024883	0.29443208867	0.127208696262	0.127208696262	0.127208696262	0.292914097588	0.451389830208	0.342733783912	0.38300946755	0.454297545889	0.483173419686	0.340551856291	0.40316354857	0.127208696262	0.127208696262	0.465493089235	0.298825536166	0.427892573744	0.470969858329	0.300576674273	0.430382328747	0.296810725627	0.420043494256	0.127208696262	0.127208696262	0.419454514997	0.450051239916	0.481353258213	0.435467227134	0.435753893377	0.395256941048	0.447439367761	0.432248005006	0.332950860829	0.405466643324	0.127208696262	0.446873356883	0.446693923073	0.38253352133	0.436153421445	0.35531250039	0.446386452121	0.386695658002	0.461973650148	0.294737035408	0.367994350514	0.431101410771	0.476587627745	0.389552847949	0.454383016195	0.127208696262	0.435497575372	0.438520524812	0.452383843115	0.432632804523	0.461900995917	
15	0.420889377055	0.287884781199	0.406054529431	0.260081385531	0.190505319391	0.351531981772	0.198653847196	0.447542136648	0.300639725592	0.190505319391	0.480432092588	0.45747383771	0.407874974268	0.245213736018	0.352687206357	0.0	0.422141592508	0.44987501564	0.223139283579	0.190505319391	0.190505319391	0.190505319391	0.215417960177	0.447741011895	0.29488336382	0.468460760931	0.370282660121	0.440638840784	0.452309604416	0.493213730086	0.190505319391	0.190505319391	0.473375696725	0.196434956274	0.43472599238	0.380572664912	0.453382811655	0.335938403717	0.43474697634	0.477860537277	0.190505319391	0.190505319391	0.44101478924	0.346144979427	0.284090174984	0.320688631315	0.290662325237	0.449355816148	0.393446239625	0.445467354909	0.439632019774	0.397983050261	0.190505319391	0.39725116368	0.404220067617	0.482986753122	0.420640174568	0.438987773864	0.530581014202	0.496488243337	0.426049826471	0.481115227132	0.435219688311	0.443615721707	0.469443345341	0.479873922887	0.437925745246	0.190505319391	0.394345313444	0.483389988454	0.448407401276	0.451657258046	0.360327402051	
16	0.425712851416	0.27779937475	0.407405225859	0.332150717394	0.130538555981	0.392944345218	0.145670204858	0.417646690054	0.340526647646	0.130538555981	0.463913643021	0.429918623728	0.408933541142	0.313529101787	0.374303151381	0.458892634028	0.0	0.434777719226	0.229114703983	0.130538555981	0.130538555981	0.130538555981	0.203797647957	0.483060795715	0.303060699129	0.446006058794	0.437869460687	0.463333286564	0.384235206249	0.458052312764	0.130538555981	0.130538555981	0.466157430955	0.250989750098	0.442342323913	0.437907042367	0.400497521091	0.353976732991	0.346964937303	0.445377155036	0.130538555981	0.130538555981	0.473446328956	0.377120334812	0.394346610717	0.409052723858	0.298913514808	0.419895331232	0.441047011091	0.437188792504	0.383898884471	0.407223112261	0.130538555981	0.319335352127	0.388310877933	0.391653752201	0.40316450082	0.397440455786	0.474447659741	0.456849026471	0.395776009567	0.457266107615	0.397518816988	0.465174190769	0.422700036027	0.466842356525	0.435809233612	0.130538555981	0.3952777771	0.417493790901	0.457552333517	0.458464448105	0.392350039838	
17	0.395019623622	0.274434731	0.38695512272	0.304085816312	0.283401463335	0.377327929044	0.287812672916	0.424512290533	0.278835149866	0.283401463335	0.46882834257	0.352363120102	0.37258495218	0.266487575909	0.31800172105	0.446531677856	0.431228882481	0.0	0.302153198364	0.283401463335	0.283401463335	0.283401463335	0.297849894738	0.503277852494	0.30828486394	0.514635981812	0.314832430714	0.433307200466	0.457118539227	0.530602472039	0.283401463335	0.283401463335	0.43905533931	0.286484223072	0.365522085942	0.397585057274	0.480402635514	0.378024890427	0.454406138563	0.420008246122	0.283401463335	0.283401463335	0.434319023278	0.305077347694	0.342283431314	0.35585880992	0.31464819675	0.470881965177	0.278567123729	0.371447670961	0.435782345548	0.409549042143	0.283401463335	0.365418668334	0.342470432237	0.435276284211	0.386997239284	0.437223861478	0.438727536003	0.494785462819	0.366161506047	0.499508033204	0.441956836488	0.414218122755	0.354202001087	0.496475314292	0.330973281709	0.283401463335	0.336494587929	0.383297128441	0.419889489111	0.467305345609	0.358489718155	
18	0.3517686051	0.448730400871	0.316354474111	0.433258213746	0.126012791557	0.370441456948	0.362219753377	0.236183198075	0.3918698552	0.126012791557	0.211864299844	0.233063128499	0.29495887136	0.387741118051	0.325123681204	0.223139283579	0.229114703983	0.317358283519	0.0	0.126012791557	0.126012791557	0.126012791557	0.291883289649	0.231472235147	0.441199649397	0.196814420444	0.32009211977	0.318223576659	0.215102116513	0.197417340441	0.126012791557	0.126012791557	0.315936463677	0.380362413718	0.309877038464	0.372171088705	0.218829062519	0.352435274288	0.271784287458	0.269714633032	0.126012791557	0.126012791557	0.243896169333	0.438598309347	0.404871725497	0.275743569867	0.425852067709	0.290263048054	0.347030237499	0.229661033169	0.237136731632	0.249897386948	0.126012791557	0.285931325674	0.32098781052	0.254209414694	0.338727659039	0.230498444939	0.39622831257	0.236614939529	0.328121983314	0.239120345749	0.360772631189	0.268603942765	0.322847468042	0.275802938821	0.275373537218	0.126012791557	0.368983919063	0.251355424611	0.250985547199	0.320940890891	0.338796228577	
19	0.126748560483	0.128677543104	0.126295931083	0.128677543104	0.5	0.177787475505	0.0	0.198607404131	0.142911455025	0.5	0.146103482669	0.197459963716	0.126295931083	0.129055919944	0.127208696262	0.190505319391	0.130538555981	0.283401463335	0.126012791557	0.5	0.5	0.5	0.119827616791	0.177151604803	0.128677543104	0.136079072542	0.148563486365	0.178679419131	0.159005707092	0.169805942485	0.5	0.5	0.184071986892	0.126012791557	0.135593458049	0.194061564959	0.189700788335	0.128604505867	0.25408313791	0.21471307987	0.5	0.5	0.202795432346	0.130343544391	0.167074718289	0.124581717924	0.130343544391	0.243787837318	0.153375050848	0.137299018653	0.212899941225	0.19896853773	0.5	0.146478520477	0.128141128872	0.226618627652	0.141662753816	0.207760059615	0.350909647163	0.204172623306	0.125852247743	0.209652491357	0.343365768182	0.231510421686	0.222390352155	0.241964903175	0.124179151796	0.5	0.128141128872	0.20638346147	0.122317833056	0.294307891486	0.174603708433	
20	0.126748560483	0.128677543104	0.126295931083	0.128677543104	0.5	0.177787475505	0.0	0.198607404131	0.142911455025	0.5	0.146103482669	0.197459963716	0.126295931083	0.129055919944	0.127208696262	0.190505319391	0.130538555981	0.283401463335	0.126012791557	0.5	0.5	0.5	0.119827616791	0.177151604803	0.128677543104	0.136079072542	0.148563486365	0.178679419131	0.159005707092	0.169805942485	0.5	0.5	0.184071986892	0.126012791557	0.135593458049	0.194061564959	0.189700788335	0.128604505867	0.25408313791	0.21471307987	0.5	0.5	0.202795432346	0.130343544391	0.167074718289	0.124581717924	0.130343544391	0.243787837318	0.153375050848	0.137299018653	0.212899941225	0.19896853773	0.5	0.146478520477	0.128141128872	0.226618627652	0.141662753816	0.207760059615	0.350909647163	0.204172623306	0.125852247743	0.209652491357	0.343365768182	0.231510421686	0.222390352155	0.241964903175	0.124179151796	0.5	0.128141128872	0.20638346147	0.122317833056	0.294307891486	0.174603708433	
21	0.126748560483	0.128677543104	0.126295931083	0.128677543104	0.5	0.177787475505	0.0	0.198607404131	0.142911455025	0.5	0.146103482669	0.197459963716	0.126295931083	0.129055919944	0.127208696262	0.190505319391	0.130538555981	0.283401463335	0.126012791557	0.5	0.5	0.5	0.119827616791	0.177151604803	0.128677543104	0.136079072542	0.148563486365	0.178679419131	0.159005707092	0.169805942485	0.5	0.5	0.184071986892	0.126012791557	0.135593458049	0.194061564959	0.189700788335	0.128604505867	0.25408313791	0.21471307987	0.5	0.5	0.202795432346	0.130343544391	0.167074718289	0.124581717924	0.130343544391	0.243787837318	0.153375050848	0.137299018653	0.212899941225	0.19896853773	0.5	0.146478520477	0.128141128872	0.226618627652	0.141662753816	0.207760059615	0.350909647163	0.204172623306	0.125852247743	0.209652491357	0.343365768182	0.231510421686	0.222390352155	0.241964903175	0.124179151796	0.5	0.128141128872	0.20638346147	0.122317833056	0.294307891486	0.174603708433	
22	0.310460473883	0.433244593481	0.274540831814	0.440072428362	0.119827616791	0.367970060511	0.374026609471	0.251364136007	0.334634005388	0.119827616791	0.23362170212	0.259943948056	0.245973553169	0.33194932842	0.292914097588	0.23871012261	0.261011320157	0.313259718753	0.291883289649	0.119827616791	0.119827616791	0.119827616791	0.0	0.263070798371	0.424778813657	0.231724622623	0.300135348466	0.288944112306	0.208474163502	0.206489864787	0.119827616791	0.119827616791	0.266190645352	0.384291745306	0.249285789597	0.300914435868	0.214922731052	0.313640276268	0.267837385769	0.261224504675	0.119827616791	0.119827616791	0.258779276717	0.396756515042	0.334545220595	0.234762486726	0.390504597894	0.313729369665	0.318211630769	0.261125471901	0.232182638897	0.260635635452	0.119827616791	0.239392624715	0.292110879238	0.249450301345	0.297489309585	0.226272230585	0.390287596781	0.245521222975	0.293781499129	0.250595027944	0.357360418914	0.278308060589	0.273567004932	0.28005975927	0.235932700102	0.119827616791	0.328297175283	0.271874399228	0.218390492392	0.320566800807	0.286573500909	
23	0.395981178564	0.304487882779	0.458957022423	0.316021290023	0.177151604803	0.3941717983	0.187752426744	0.476356688077	0.423267528193	0.177151604803	0.48643441984	0.508770322546	0.451810407911	0.341851013608	0.436631843408	0.481585775885	0.478135515223	0.499669939186	0.220912703943	0.177151604803	0.177151604803	0.177151604803	0.208791279641	0.0	0.301477371472	0.425212657103	0.455453533639	0.469065018733	0.447180838589	0.439597824284	0.177151604803	0.177151604803	0.473234501006	0.306677670101	0.467392306205	0.473941992752	0.393680478489	0.386023754164	0.433781961334	0.500573040746	0.177151604803	0.177151604803	0.515604036383	0.359852024825	0.411048112251	0.463844654615	0.359836106152	0.528423695794	0.446306985049	0.474037376662	0.438886440475	0.503310145591	0.177151604803	0.471003599084	0.413508122967	0.446739055625	0.44503304676	0.450918050339	0.523084328836	0.489049172416	0.455652116001	0.452247033232	0.430230903888	0.494040069007	0.47747255175	0.52534196697	0.47259567443	0.177151604803	0.403020495406	0.508211984799	0.458020287056	0.535186164657	0.459356350332	
24	0.400279996316	0.445803917864	0.328461248448	0.343735392955	0.128677543104	0.398760694871	0.271076130246	0.232580952882	0.390019637957	0.128677543104	0.256291078532	0.265631180714	0.296495125106	0.389119212487	0.342733783912	0.259348198921	0.259069094183	0.308065408431	0.434959591858	0.128677543104	0.128677543104	0.128677543104	0.436915978076	0.26866236315	0.0	0.240570736485	0.370495311846	0.356428137357	0.21159588319	0.228703986908	0.128677543104	0.128677543104	0.342451045635	0.443742753187	0.332538265413	0.368812063281	0.197610825036	0.400155581357	0.262180074562	0.250706442746	0.128677543104	0.128677543104	0.224710216552	0.385980532252	0.396409267264	0.287538125716	0.319985885692	0.313259394432	0.359074898372	0.279584559178	0.230207393797	0.270533174714	0.128677543104	0.307164211581	0.356683718953	0.237588276377	0.288244917748	0.203774501736	0.363119660744	0.224246844572	0.368125951958	0.210955027182	0.35007901604	0.240499987918	0.259258965912	0.24631142762	0.305226553645	0.128677543104	0.41771555548	0.254296979217	0.312812063749	0.340140176505	0.348432989408	
25	0.374505507048	0.298077562684	0.380087263664	0.309866075263	0.136079072542	0.382397543574	0.14512488636	0.473902265888	0.384394998954	0.136079072542	0.45975577202	0.514262347222	0.426582975697	0.317649476141	0.396543414842	0.481172042473	0.442149178701	0.510147218823	0.199054635572	0.136079072542	0.136079072542	0.136079072542	0.231724622623	0.426673070532	0.279714934711	0.0	0.424828984019	0.429887769542	0.436471593129	0.460821067649	0.136079072542	0.136079072542	0.47602372708	0.286648108051	0.404137305442	0.412936190348	0.43715488964	0.328206953687	0.443323958775	0.452558327182	0.136079072542	0.136079072542	0.459597347758	0.328180798319	0.398889623964	0.430342847886	0.306297573692	0.468062381142	0.423483009584	0.485621923995	0.460790067071	0.498045221629	0.136079072542	0.424253897004	0.378686757502	0.48824464454	0.384095939265	0.46185789757	0.550444186718	0.457639045731	0.40533376123	0.459476043025	0.435335270014	0.470318467394	0.466674160259	0.47192204739	0.458189437856	0.136079072542	0.381582294959	0.488492420502	0.419383174881	0.495388150144	0.411819376062	
26	0.474896824688	0.345089902325	0.452101409801	0.358889611614	0.148563486365	0.48334710644	0.184935410815	0.379767051917	0.433164947196	0.148563486365	0.36422147308	0.397079395634	0.464450020397	0.452362097916	0.464167925991	0.393188857922	0.410012428217	0.323765190996	0.346177757347	0.148563486365	0.148563486365	0.148563486365	0.318882609112	0.445252109049	0.396118609234	0.38475862277	0.0	0.471629647043	0.353647089329	0.364627747042	0.148563486365	0.148563486365	0.478168711141	0.36103583954	0.460817648938	0.493418591411	0.29834158643	0.468886106436	0.336658173638	0.462330236587	0.148563486365	0.148563486365	0.436357375548	0.443527571442	0.48687999272	0.47490092346	0.441283020983	0.471861697771	0.389364798877	0.386169772257	0.328833415499	0.438401698603	0.148563486365	0.4797068746	0.457872259956	0.288386061786	0.464814886772	0.338473401286	0.46089165655	0.377211869722	0.456732781111	0.383415190054	0.393184775102	0.443609504719	0.50987465085	0.431544074761	0.467346735679	0.148563486365	0.462248780764	0.440804947205	0.445849909588	0.41620705528	0.471602821214	
27	0.483700637118	0.376076334522	0.491180128836	0.354056823171	0.178679419131	0.488765267314	0.195303508252	0.413061012819	0.461892447961	0.178679419131	0.432916376449	0.464105354962	0.502945835107	0.463348796194	0.47146005956	0.419342038712	0.463333286564	0.449758157778	0.318223576659	0.178679419131	0.178679419131	0.178679419131	0.249885760481	0.473621214023	0.356428137357	0.39279533063	0.490744777319	0.0	0.393222548483	0.400311943063	0.178679419131	0.178679419131	0.498606718408	0.302873489298	0.505916789836	0.515979429105	0.344379456299	0.467644142109	0.356887561751	0.506246265708	0.178679419131	0.178679419131	0.429048602199	0.43774346363	0.4936335539	0.48592541795	0.435251886889	0.509749188582	0.482583820696	0.455539835959	0.36101783142	0.436929816573	0.178679419131	0.494991065285	0.474954546166	0.400909912293	0.475779685109	0.38359589182	0.469542129566	0.425096550084	0.498751041497	0.396751289575	0.471153478398	0.485419702842	0.505903559603	0.467503129094	0.490842277614	0.178679419131	0.465312572654	0.495295581706	0.475436053916	0.456576784404	0.502808411368	
28	0.344131235161	0.201967784866	0.373523576645	0.236205809747	0.159005707092	0.318303914598	0.165589528951	0.446640307778	0.263511662302	0.159005707092	0.477622571659	0.446340800927	0.370150054929	0.297565749901	0.295136124624	0.453151220032	0.424867684916	0.459361548961	0.187045972045	0.159005707092	0.159005707092	0.159005707092	0.203113908576	0.465616519652	0.242503047221	0.446441101052	0.391914991154	0.426563649232	0.0	0.484749787917	0.159005707092	0.159005707092	0.413801787336	0.186278725856	0.392349245301	0.349862706418	0.431162253553	0.291593530047	0.446575120313	0.434173063999	0.159005707092	0.159005707092	0.451336710591	0.26681940273	0.311741187157	0.372964598994	0.233166206887	0.457332027834	0.383470735495	0.440187095008	0.423138264726	0.446223913541	0.159005707092	0.408305728574	0.338735644558	0.499594935522	0.391730212655	0.480055794917	0.496850599852	0.478600381539	0.392950091175	0.467918841668	0.454193478966	0.461941814435	0.413869176923	0.475505102027	0.397186219127	0.159005707092	0.349178223135	0.466260968427	0.40928835211	0.481902052061	0.310701351358	
29	0.293180205933	0.213517512799	0.401434298746	0.220792996123	0.169805942485	0.277300342723	0.176942867561	0.511780203125	0.277095277912	0.169805942485	0.453968750177	0.522441443946	0.338604631024	0.242976821205	0.376908060494	0.491293377964	0.465494846713	0.525769249391	0.196862731859	0.169805942485	0.169805942485	0.169805942485	0.189994669224	0.469439293989	0.211809061385	0.470345907143	0.324181631563	0.361312337327	0.498026816534	0.0	0.169805942485	0.169805942485	0.420996421706	0.204964454172	0.352468834501	0.361204111986	0.491929544603	0.282593538872	0.495133698956	0.423222602883	0.169805942485	0.169805942485	0.451388294207	0.236834719541	0.287169093797	0.341685097376	0.230812401427	0.514420442263	0.351362865069	0.460529461284	0.497623290875	0.478077666759	0.169805942485	0.377479725082	0.258959678519	0.517084176222	0.330737245168	0.509173074455	0.573011082374	0.516203053784	0.320772027348	0.490899637929	0.496250207945	0.477837372779	0.356339420373	0.49956354621	0.370784439254	0.169805942485	0.256463325952	0.526975742051	0.38826011513	0.499784563572	0.343781743333	
30	0.126748560483	0.128677543104	0.126295931083	0.128677543104	0.5	0.177787475505	0.0	0.198607404131	0.142911455025	0.5	0.146103482669	0.197459963716	0.126295931083	0.129055919944	0.127208696262	0.190505319391	0.130538555981	0.283401463335	0.126012791557	0.5	0.5	0.5	0.119827616791	0.177151604803	0.128677543104	0.136079072542	0.148563486365	0.178679419131	0.159005707092	0.169805942485	0.5	0.5	0.184071986892	0.126012791557	0.135593458049	0.194061564959	0.189700788335	0.128604505867	0.25408313791	0.21471307987	0.5	0.5	0.202795432346	0.130343544391	0.167074718289	0.124581717924	0.130343544391	0.243787837318	0.153375050848	0.137299018653	0.212899941225	0.19896853773	0.5	0.146478520477	0.128141128872	0.226618627652	0.141662753816	0.207760059615	0.350909647163	0.204172623306	0.125852247743	0.209652491357	0.343365768182	0.231510421686	0.222390352155	0.241964903175	0.124179151796	0.5	0.128141128872	0.20638346147	0.122317833056	0.294307891486	0.174603708433	
31	0.126748560483	0.128677543104	0.126295931083	0.128677543104	0.5	0.177787475505	0.0	0.198607404131	0.142911455025	0.5	0.146103482669	0.197459963716	0.126295931083	0.129055919944	0.127208696262	0.190505319391	0.130538555981	0.283401463335	0.126012791557	0.5	0.5	0.5	0.119827616791	0.177151604803	0.128677543104	0.136079072542	0.148563486365	0.178679419131	0.159005707092	0.169805942485	0.5	0.5	0.184071986892	0.126012791557	0.135593458049	0.194061564959	0.189700788335	0.128604505867	0.25408313791	0.21471307987	0.5	0.5	0.202795432346	0.130343544391	0.167074718289	0.124581717924	0.130343544391	0.243787837318	0.153375050848	0.137299018653	0.212899941225	0.19896853773	0.5	0.146478520477	0.128141128872	0.226618627652	0.141662753816	0.207760059615	0.350909647163	0.204172623306	0.125852247743	0.209652491357	0.343365768182	0.231510421686	0.222390352155	0.241964903175	0.124179151796	0.5	0.128141128872	0.20638346147	0.122317833056	0.294307891486	0.174603708433	
32	0.44210720759	0.367330870825	0.480613390838	0.360716985693	0.184071986892	0.458524242506	0.201921498826	0.424929271329	0.476197713681	0.184071986892	0.459714587568	0.412249366717	0.476825307924	0.442996348079	0.457005875582	0.429665972547	0.461741424572	0.415821349974	0.275811843708	0.184071986892	0.184071986892	0.184071986892	0.266190645352	0.45315544449	0.36409781527	0.422347198346	0.479004911245	0.492820895573	0.390127288031	0.408290185597	0.184071986892	0.184071986892	0.0	0.316196858525	0.457886698881	0.442811494002	0.360199884782	0.44514870111	0.387141157615	0.490784248974	0.184071986892	0.184071986892	0.485813126069	0.396036670869	0.465610353325	0.478938102824	0.395176379046	0.482496935433	0.473848247198	0.463226588244	0.378389605055	0.459839990955	0.184071986892	0.4757447435	0.457924592787	0.388679396153	0.461502636255	0.378750595843	0.464998633502	0.396705126941	0.477715804077	0.428674665656	0.427881531862	0.461360981378	0.480712049073	0.465796767934	0.464028354983	0.184071986892	0.430947761701	0.44442083607	0.481458704084	0.487236391852	0.479490337194	
33	0.309099539647	0.263977635156	0.254846382518	0.399250474888	0.126012791557	0.363436666685	0.331115558441	0.229333431611	0.320518818802	0.126012791557	0.24664830341	0.218002951813	0.265603463809	0.326841973474	0.292029443837	0.196434956274	0.250989750098	0.298896106385	0.374665651208	0.126012791557	0.126012791557	0.126012791557	0.365546512568	0.271071739459	0.446362865915	0.248867286735	0.332280344538	0.302873489298	0.213291846614	0.213145529494	0.126012791557	0.126012791557	0.288076433777	0.0	0.216270650297	0.319084954957	0.198118200351	0.337370019041	0.265890146409	0.281364386281	0.126012791557	0.126012791557	0.275592525188	0.37439391618	0.310962401606	0.236839243306	0.396731059799	0.273299683025	0.285847918574	0.251384980436	0.228454738066	0.220180460665	0.126012791557	0.255054680727	0.309643618347	0.229054460939	0.29948621121	0.22689984661	0.400145768477	0.225237116404	0.318662782288	0.243678630417	0.362037723707	0.226844861625	0.288362618683	0.284963532006	0.240569252913	0.126012791557	0.366369218993	0.268774854069	0.298866289578	0.280683930255	0.317975878809	
34	0.426780965758	0.311331589635	0.447196112778	0.308555484656	0.135593458049	0.471111376236	0.166667261661	0.413584626813	0.418230948169	0.135593458049	0.438989012317	0.452278644009	0.430847332385	0.432635099226	0.419462493617	0.435920983836	0.449279138097	0.406443566526	0.257893342755	0.135593458049	0.135593458049	0.135593458049	0.24803389424	0.457493817097	0.315579102595	0.366985271385	0.449067413713	0.505749218884	0.376159182484	0.398587012271	0.135593458049	0.135593458049	0.462708938083	0.216270650297	0.0	0.402157270307	0.281598095894	0.418741549492	0.356620684452	0.433464746945	0.135593458049	0.135593458049	0.463925318101	0.333582990311	0.441922959677	0.464538823288	0.347924639304	0.438683589616	0.343140069182	0.37148395323	0.338262966361	0.380089130054	0.135593458049	0.484995735106	0.360542767718	0.351198811436	0.429763086085	0.382551028908	0.4854946064	0.34599824371	0.411191411405	0.37593225717	0.395655921477	0.43976825768	0.517830675388	0.439426044514	0.434649224793	0.135593458049	0.330436641487	0.466022278376	0.458718157808	0.447937636671	0.438768923721	
35	0.490926282058	0.371436160208	0.509897245821	0.366407524896	0.194061564959	0.505147074869	0.227530703772	0.438641993837	0.501991678098	0.194061564959	0.425292553157	0.461393426803	0.493530703174	0.473800741185	0.460479062752	0.483163991707	0.450431312513	0.448663509737	0.383637277472	0.194061564959	0.194061564959	0.194061564959	0.318357591023	0.475735141348	0.347560925673	0.405104757315	0.485756479358	0.509349843575	0.38235908051	0.440255734707	0.194061564959	0.194061564959	0.461715480115	0.346726879403	0.402255245488	0.0	0.328457338562	0.432587969449	0.379426262194	0.431264884307	0.194061564959	0.194061564959	0.463325164245	0.480921151045	0.506110146385	0.501166788348	0.471282737275	0.478667226356	0.461442363786	0.433426764131	0.357393806301	0.472351339295	0.194061564959	0.495765143312	0.452330769319	0.421787124691	0.481554728473	0.422599202623	0.493981531577	0.370477571823	0.504513011105	0.411690772669	0.41675721513	0.471823752251	0.486131797729	0.431496382067	0.465131023325	0.194061564959	0.431541416142	0.45846305592	0.472373841808	0.449972827747	0.505573517385	
36	0.366054126484	0.191891146524	0.266090027809	0.206226370049	0.189700788335	0.317707252526	0.193669615024	0.486582301742	0.203758992909	0.189700788335	0.414636782566	0.454076408411	0.322094536014	0.308231280434	0.318315640123	0.502833452763	0.358591704241	0.500202530527	0.206811479835	0.189700788335	0.189700788335	0.189700788335	0.202103230008	0.452568979858	0.205184976366	0.427231446346	0.256613095257	0.358847356753	0.452716354141	0.502908667268	0.189700788335	0.189700788335	0.366175464037	0.186446489662	0.255748541357	0.3190339648	0.0	0.270336385768	0.505666992873	0.312694692612	0.189700788335	0.189700788335	0.418501216323	0.206592402373	0.247363703372	0.32817144677	0.205464256337	0.480974095013	0.254124379327	0.370660796486	0.452518225473	0.405579793038	0.189700788335	0.351222394047	0.226549847804	0.443425893606	0.241656314134	0.446441018397	0.517436959652	0.411397092771	0.349431773233	0.469007413633	0.525593932162	0.408369975827	0.363445315154	0.46682455148	0.307666792957	0.189700788335	0.224885294347	0.420009246084	0.380096165663	0.386378785629	0.317646752995	
37	0.468636191748	0.418932224869	0.464010833218	0.37265048792	0.128604505867	0.478897017894	0.189883387943	0.357984824615	0.477580033555	0.128604505867	0.355729040037	0.391235236706	0.455118284729	0.448942285487	0.439348209736	0.378159039223	0.404552087334	0.383012156325	0.365669617342	0.128604505867	0.128604505867	0.128604505867	0.324537865014	0.393707384805	0.409873535951	0.320123548828	0.453182278768	0.487087113631	0.309371662054	0.342738830185	0.128604505867	0.128604505867	0.450551583739	0.365669617342	0.420486158419	0.439035945786	0.240996360279	0.0	0.305619067716	0.394095990181	0.128604505867	0.128604505867	0.380989034526	0.412421011477	0.47820620206	0.447018323172	0.437013710695	0.420990983504	0.436862912567	0.397843841743	0.292564443653	0.397369035756	0.128604505867	0.470122227678	0.438148681274	0.327436874587	0.442643345799	0.326932746065	0.456916761161	0.342452299637	0.430996086774	0.294542986173	0.380821332935	0.410099570901	0.481301336197	0.379027431754	0.444094496361	0.128604505867	0.46402334892	0.4143173845	0.405432720266	0.395550879436	0.468287735676	
38	0.366036692892	0.270028844862	0.349278058667	0.271783465	0.25408313791	0.344210149987	0.257253137431	0.431601474969	0.262433807234	0.25408313791	0.459190825798	0.448277413027	0.354168577835	0.295564226639	0.308090539856	0.468203904787	0.365138077443	0.443577979571	0.273480261435	0.25408313791	0.25408313791	0.25408313791	0.268788066209	0.484750991174	0.261197079104	0.46010699981	0.335161837915	0.405657449633	0.469087528512	0.494501861313	0.25408313791	0.25408313791	0.392193360477	0.265644375224	0.362891441221	0.405836778692	0.496873100727	0.338052810637	0.0	0.385326027949	0.25408313791	0.25408313791	0.388422545386	0.280067032441	0.277189776349	0.318227508697	0.264039620411	0.367959793198	0.294233516691	0.406856705966	0.430170954608	0.357000961569	0.25408313791	0.359395045743	0.319780127674	0.489033401592	0.351876509511	0.478874226842	0.517847738115	0.429111651643	0.329279196092	0.467021581217	0.490684872918	0.39244000878	0.363757655089	0.432502087772	0.391555652849	0.25408313791	0.325496304783	0.445141488008	0.40916461147	0.432914214152	0.345343640312	
39	0.479444012242	0.342732153579	0.438698401554	0.315930895372	0.21471307987	0.464274546952	0.232368108952	0.455176717397	0.389402127512	0.21471307987	0.508872907787	0.468367080984	0.452864520093	0.436039831909	0.416947975989	0.472940804151	0.438688892889	0.454939143131	0.344199472792	0.21471307987	0.21471307987	0.21471307987	0.301840963865	0.502157063074	0.292009381479	0.431026885169	0.472385502794	0.494835690311	0.439539793549	0.476017203101	0.21471307987	0.21471307987	0.49026816632	0.275205213883	0.425550190859	0.420960874449	0.36221337347	0.443334207897	0.377595709626	0.0	0.21471307987	0.21471307987	0.445524435839	0.365148231915	0.426008630467	0.46469635679	0.285574480619	0.506262647451	0.449849244947	0.485104485035	0.407323783592	0.470849862657	0.21471307987	0.462292441349	0.455979377164	0.396421875097	0.370341571746	0.407706571114	0.480562416805	0.373859103539	0.472457254067	0.453105365145	0.419848426425	0.372220016885	0.448848087627	0.457958670332	0.478806231897	0.21471307987	0.452378918546	0.483316973179	0.457540951138	0.385031775393	0.486102972763	
40	0.126748560483	0.128677543104	0.126295931083	0.128677543104	0.5	0.177787475505	0.0	0.198607404131	0.142911455025	0.5	0.146103482669	0.197459963716	0.126295931083	0.129055919944	0.127208696262	0.190505319391	0.130538555981	0.283401463335	0.126012791557	0.5	0.5	0.5	0.119827616791	0.177151604803	0.128677543104	0.136079072542	0.148563486365	0.178679419131	0.159005707092	0.169805942485	0.5	0.5	0.184071986892	0.126012791557	0.135593458049	0.194061564959	0.189700788335	0.128604505867	0.25408313791	0.21471307987	0.5	0.5	0.202795432346	0.130343544391	0.167074718289	0.124581717924	0.130343544391	0.243787837318	0.153375050848	0.137299018653	0.212899941225	0.19896853773	0.5	0.146478520477	0.128141128872	0.226618627652	0.141662753816	0.207760059615	0.350909647163	0.204172623306	0.125852247743	0.209652491357	0.343365768182	0.231510421686	0.222390352155	0.241964903175	0.124179151796	0.5	0.128141128872	0.20638346147	0.122317833056	0.294307891486	0.174603708433	
41	0.126748560483	0.128677543104	0.126295931083	0.128677543104	0.5	0.177787475505	0.0	0.198607404131	0.142911455025	0.5	0.146103482669	0.197459963716	0.126295931083	0.129055919944	0.127208696262	0.190505319391	0.130538555981	0.283401463335	0.126012791557	0.5	0.5	0.5	0.119827616791	0.177151604803	0.128677543104	0.136079072542	0.148563486365	0.178679419131	0.159005707092	0.169805942485	0.5	0.5	0.184071986892	0.126012791557	0.135593458049	0.194061564959	0.189700788335	0.128604505867	0.25408313791	0.21471307987	0.5	0.5	0.202795432346	0.130343544391	0.167074718289	0.124581717924	0.130343544391	0.243787837318	0.153375050848	0.137299018653	0.212899941225	0.19896853773	0.5	0.146478520477	0.128141128872	0.226618627652	0.141662753816	0.207760059615	0.350909647163	0.204172623306	0.125852247743	0.209652491357	0.343365768182	0.231510421686	0.222390352155	0.241964903175	0.124179151796	0.5	0.128141128872	0.20638346147	0.122317833056	0.294307891486	0.174603708433	
42	0.419729855836	0.299461537082	0.417894256214	0.271184136912	0.202795432346	0.390167230718	0.212834217252	0.424624745403	0.380411413754	0.202795432346	0.445107486018	0.43453301632	0.454862591391	0.354757350117	0.364152581373	0.446839052866	0.464966693905	0.444750084348	0.248445725834	0.202795432346	0.202795432346	0.202795432346	0.262126407532	0.508017189791	0.228633435665	0.469243633918	0.452046895473	0.41771476742	0.461788325156	0.488467627981	0.202795432346	0.202795432346	0.492920049286	0.273394693749	0.448538846065	0.429473295655	0.426870780524	0.389637384807	0.356881040016	0.426813096935	0.202795432346	0.202795432346	0.0	0.317505675158	0.350009840253	0.433537672641	0.304467085684	0.511423842739	0.425312479008	0.472688490739	0.387184605265	0.459831461034	0.202795432346	0.441645263642	0.393206169774	0.451640140778	0.374156764962	0.375099701479	0.453959198958	0.438154641743	0.40124057719	0.48475921897	0.45176742831	0.454223423637	0.447122687246	0.467691444741	0.462740676883	0.202795432346	0.390425725723	0.456908573924	0.47187319566	0.515511106775	0.387139518406	
43	0.451325073494	0.381143267632	0.399264197383	0.311004846509	0.130343544391	0.466449463103	0.207759740353	0.246172504914	0.378704397083	0.130343544391	0.336637968873	0.257929696689	0.298677614457	0.44235260653	0.450051239916	0.276887025419	0.340471210012	0.305085689358	0.438470570565	0.130343544391	0.130343544391	0.130343544391	0.421389467493	0.374072682339	0.393087400715	0.356150080457	0.449196782607	0.454716195482	0.233264328396	0.313329328258	0.130343544391	0.130343544391	0.421850504799	0.369091652546	0.325983047017	0.473168198676	0.188642813917	0.446873611864	0.261761123255	0.367669580955	0.130343544391	0.130343544391	0.394974574961	0.0	0.380597981007	0.379344918205	0.361417239723	0.322821762763	0.399551834296	0.340191486316	0.246785585916	0.310147179396	0.130343544391	0.416954942183	0.432899775864	0.22406723421	0.436076294272	0.222155785707	0.394095187715	0.255318753486	0.448523057419	0.343524497918	0.370077019117	0.288434372194	0.460027589113	0.361393415297	0.419411611883	0.130343544391	0.437673652614	0.365821443775	0.356354638739	0.295737008899	0.385098071334	
44	0.488429368231	0.358335789151	0.449106556813	0.322813829559	0.167074718289	0.502347689378	0.219172430335	0.295848961285	0.421171149923	0.167074718289	0.378569779468	0.3275734006	0.433314962452	0.479661662966	0.471175774806	0.314858348696	0.393946035386	0.34214747199	0.362762192448	0.167074718289	0.167074718289	0.167074718289	0.334545220595	0.416879304555	0.347631687003	0.356896809236	0.471782481579	0.474206353023	0.277084457624	0.316393433856	0.167074718289	0.167074718289	0.485969180058	0.330274343287	0.44223329193	0.506826571469	0.24114285476	0.491390359395	0.278360791782	0.418625566494	0.167074718289	0.167074718289	0.375586455298	0.363922651905	0.0	0.405692076331	0.302878253685	0.387657970276	0.453736384008	0.393585185745	0.257978015005	0.369194270489	0.167074718289	0.485878507518	0.456438178676	0.268530637206	0.454664210464	0.236780895978	0.40216101639	0.276919438558	0.480678802204	0.29823271816	0.367569431538	0.365310127762	0.477685544758	0.379658917345	0.475895527805	0.167074718289	0.494592306133	0.400141758537	0.412383422631	0.314475847194	0.474539604736	
45	0.445636403428	0.255915046748	0.401280318604	0.325084385943	0.124581717924	0.446985876038	0.155156552325	0.35878150241	0.417204829664	0.124581717924	0.408035877852	0.342389635509	0.38915496115	0.382575956002	0.426679090451	0.368209617548	0.44940504319	0.337266441954	0.223715174004	0.124581717924	0.124581717924	0.124581717924	0.234762486726	0.450181230066	0.323118299289	0.409284695661	0.452252240176	0.465222266073	0.369754724265	0.398664136731	0.124581717924	0.124581717924	0.46490238536	0.235487202263	0.447757416967	0.449013775408	0.311236869322	0.385365146394	0.315344990867	0.460335411276	0.124581717924	0.124581717924	0.461211241977	0.383030610142	0.345685312608	0.0	0.35453244232	0.402142519075	0.44012767855	0.415300839394	0.304521905057	0.444579522449	0.124581717924	0.467046120181	0.458126530231	0.322786592223	0.45023374216	0.303742208395	0.375243460949	0.387578594869	0.421240445933	0.39730724542	0.3692863066	0.416546343202	0.458762395623	0.430221451783	0.432259433997	0.124581717924	0.40269513632	0.406069856748	0.44935390299	0.419172631565	0.464189755136	
46	0.448111515374	0.414429521123	0.406329625336	0.36458782566	0.130343544391	0.462737070343	0.218196299005	0.24316569944	0.330910899728	0.130343544391	0.290274488245	0.239378680301	0.387549992585	0.449025094287	0.435753893377	0.250565262198	0.298913514808	0.320222895269	0.425852067709	0.130343544391	0.130343544391	0.130343544391	0.390504597894	0.319566417244	0.313641876802	0.278329310618	0.433821941271	0.435251886889	0.230953760881	0.259074487178	0.130343544391	0.130343544391	0.385024137292	0.396021155297	0.412945456677	0.455823779073	0.203229676632	0.440519207056	0.264222874095	0.311029784458	0.130343544391	0.130343544391	0.323105400322	0.372511168818	0.311579833508	0.36856635766	0.0	0.296737087109	0.43396328346	0.300897369607	0.242493526545	0.287209812512	0.130343544391	0.405041376578	0.432492713138	0.230348343813	0.334448854975	0.220272380664	0.3844251139	0.250820460998	0.378341228884	0.275609198612	0.364076253788	0.25112342314	0.356797764294	0.311778912115	0.403653169452	0.130343544391	0.456161015676	0.315012196942	0.314800899683	0.297626177344	0.448169601607	
47	0.452004131287	0.2919033569	0.458338887563	0.317962520426	0.243787837318	0.42691507792	0.25442718369	0.459258205636	0.328575694482	0.243787837318	0.495716658292	0.496431914861	0.452487700827	0.349376917382	0.423962080563	0.47018435496	0.419782100026	0.475205031643	0.290263048054	0.243787837318	0.243787837318	0.243787837318	0.313729369665	0.521431301116	0.342414573339	0.501956998153	0.454712000192	0.50601396233	0.454070452554	0.529629051377	0.243787837318	0.243787837318	0.489318753159	0.285274308096	0.454647571006	0.485636313527	0.436983544035	0.422054201535	0.397297348065	0.483954376568	0.243787837318	0.243787837318	0.506715538345	0.348932796681	0.355851635984	0.40839817123	0.287583179978	0.0	0.43709386441	0.472497258099	0.41527615912	0.41661811637	0.243787837318	0.460123750821	0.459570239984	0.488469511797	0.458373106572	0.427018252589	0.474951348015	0.498190792519	0.482345961591	0.478230643932	0.368952269501	0.443048392779	0.48967614089	0.496432892475	0.460512741709	0.243787837318	0.448829111035	0.490805101197	0.504504378336	0.496688713337	0.468477348944	
48	0.447565162621	0.301114140584	0.398869615398	0.348223069222	0.153375050848	0.452722004631	0.19386668773	0.315309245303	0.400722040541	0.153375050848	0.396383915248	0.346132259066	0.416811153178	0.411543128139	0.433037845156	0.32732214777	0.417645535269	0.277913072267	0.402858013218	0.153375050848	0.153375050848	0.153375050848	0.349097995311	0.441939569037	0.410083147157	0.36330386042	0.380771501617	0.479153369075	0.336709001233	0.35597878167	0.153375050848	0.153375050848	0.482070547938	0.312957711017	0.352014629642	0.46193637197	0.251585519039	0.436862912567	0.291152140277	0.422310506859	0.153375050848	0.153375050848	0.442039116507	0.361179966159	0.459372426479	0.439606040012	0.407235489778	0.430183566047	0.0	0.3051045733	0.271870601506	0.354608965046	0.153375050848	0.450361202605	0.32157342209	0.256827255685	0.445246310902	0.281735259845	0.446355584709	0.337003248352	0.463640371776	0.369195730838	0.386942590333	0.416230388268	0.504471936851	0.442006280659	0.460092714845	0.153375050848	0.346295805734	0.428850087663	0.458045754259	0.387293412378	0.457464698094	
49	0.432840664641	0.280093856066	0.40794589795	0.304135602298	0.137299018653	0.380165326872	0.150142837632	0.391490713076	0.318591813716	0.137299018653	0.424363728832	0.412177114494	0.411913870629	0.348901815628	0.430774031663	0.444886115057	0.444963198561	0.378205803988	0.230262093637	0.137299018653	0.137299018653	0.137299018653	0.233031789402	0.473924369499	0.305735288064	0.488790891616	0.372322766081	0.473089036723	0.441535538217	0.485311835274	0.137299018653	0.137299018653	0.470133910091	0.270766871161	0.379649277828	0.429281681566	0.394331709551	0.398870922378	0.376596390789	0.467620400526	0.137299018653	0.137299018653	0.464183300172	0.358302401381	0.400763289199	0.412543478882	0.300897369607	0.472353846971	0.319258601859	0.0	0.367104415712	0.420066170852	0.137299018653	0.394692328303	0.344864990835	0.371866596336	0.424933040421	0.379664803325	0.454596192949	0.466219515023	0.431542039584	0.473542889478	0.40126406045	0.421541111589	0.478134364832	0.482067235911	0.428046195016	0.137299018653	0.352939045102	0.434539094105	0.465851592336	0.475775537381	0.399388563795	
50	0.332499945963	0.234257130675	0.31758851347	0.228203631241	0.212899941225	0.305138714286	0.21717985601	0.407156224988	0.235688939201	0.212899941225	0.443331883812	0.435627746976	0.307541217989	0.282455400947	0.330361475226	0.474547218814	0.373373465299	0.438847266369	0.237410715585	0.212899941225	0.212899941225	0.212899941225	0.232513435047	0.484647378329	0.228936006406	0.456037111989	0.343302070443	0.353413646226	0.441551417403	0.515194855335	0.212899941225	0.212899941225	0.426079133389	0.232627635271	0.337157985538	0.358522442032	0.45378978759	0.334953779775	0.41759606865	0.369516772774	0.212899941225	0.212899941225	0.397570289485	0.262190748702	0.28929627795	0.323192239195	0.240383888155	0.375982124327	0.273879589575	0.33481409239	0.0	0.356354578892	0.212899941225	0.337603457475	0.251730223939	0.449684420925	0.26415818144	0.435423965736	0.469768195306	0.42724480497	0.403759194971	0.473777063561	0.448918232716	0.372148160181	0.355122976516	0.456015777388	0.314509104357	0.212899941225	0.267710781401	0.376289066667	0.375646199351	0.409234706138	0.313365049931	
51	0.400951805885	0.242174855362	0.431208439705	0.225764191721	0.19896853773	0.40928121812	0.212325188324	0.383039419107	0.318884708761	0.19896853773	0.47718811565	0.449454470097	0.433986975009	0.36292688981	0.377777220687	0.404685152882	0.431674186548	0.408558717548	0.249897386948	0.19896853773	0.19896853773	0.19896853773	0.238763947124	0.489739481509	0.255997401652	0.489594472896	0.4522430577	0.428199225398	0.411909311037	0.451860217085	0.19896853773	0.19896853773	0.472797538937	0.235240541146	0.402364867503	0.432933878198	0.399252435108	0.387717489191	0.334402605538	0.495338145944	0.19896853773	0.19896853773	0.42126402182	0.327004346298	0.316036341855	0.395463568023	0.3206779432	0.453713604101	0.347968683057	0.419663269996	0.345688586924	0.0	0.19896853773	0.41010050036	0.378601976381	0.435869195501	0.423985719672	0.388482593942	0.505167565135	0.449964810494	0.462286760036	0.500005594713	0.356032785147	0.483613250254	0.507792011283	0.511184886457	0.473443707008	0.19896853773	0.374173631738	0.49136100437	0.474163006358	0.445616125866	0.423569460279	
52	0.126748560483	0.128677543104	0.126295931083	0.128677543104	0.5	0.177787475505	0.0	0.198607404131	0.142911455025	0.5	0.146103482669	0.197459963716	0.126295931083	0.129055919944	0.127208696262	0.190505319391	0.130538555981	0.283401463335	0.126012791557	0.5	0.5	0.5	0.119827616791	0.177151604803	0.128677543104	0.136079072542	0.148563486365	0.178679419131	0.159005707092	0.169805942485	0.5	0.5	0.184071986892	0.126012791557	0.135593458049	0.194061564959	0.189700788335	0.128604505867	0.25408313791	0.21471307987	0.5	0.5	0.202795432346	0.130343544391	0.167074718289	0.124581717924	0.130343544391	0.243787837318	0.153375050848	0.137299018653	0.212899941225	0.19896853773	0.5	0.146478520477	0.128141128872	0.226618627652	0.141662753816	0.207760059615	0.350909647163	0.204172623306	0.125852247743	0.209652491357	0.343365768182	0.231510421686	0.222390352155	0.241964903175	0.124179151796	0.5	0.128141128872	0.20638346147	0.122317833056	0.294307891486	0.174603708433	
53	0.442014566488	0.263906760296	0.399229651396	0.329109535934	0.146478520477	0.398653159212	0.167238788291	0.34620726463	0.385826094413	0.146478520477	0.421231822633	0.360647001354	0.426320137389	0.3646570137	0.416100088815	0.416429703346	0.359637976993	0.361694243537	0.272486146473	0.146478520477	0.146478520477	0.146478520477	0.251752588137	0.455838438463	0.311630282948	0.4284164337	0.451734451845	0.4946553269	0.382451487008	0.42894237468	0.146478520477	0.146478520477	0.47295441785	0.262252665578	0.461505478533	0.443670314207	0.337667696332	0.415291007735	0.341226083956	0.459457540727	0.146478520477	0.146478520477	0.449265870517	0.360508628331	0.433467513203	0.46583308998	0.349960098275	0.476146561768	0.35887926621	0.409140689575	0.316380518718	0.440262949247	0.146478520477	0.0	0.362724524123	0.307486243158	0.424914858491	0.324716972306	0.423239361474	0.41223701415	0.397350580591	0.422613285385	0.420381203496	0.462516405452	0.51511892236	0.44501306308	0.459168443249	0.146478520477	0.384060010932	0.404262088467	0.448952841474	0.444934591986	0.387981609986	
54	0.455489989421	0.346328086785	0.388902618106	0.369449564662	0.128141128872	0.381772853305	0.178843286984	0.313282567362	0.447112467704	0.128141128872	0.3675206068	0.331637365364	0.444673884255	0.416221293397	0.424395794495	0.331972191459	0.38765383884	0.331921387857	0.387366278128	0.128141128872	0.128141128872	0.128141128872	0.324274726465	0.391748179714	0.372506056454	0.339692686835	0.452145644349	0.443933904286	0.295859940617	0.32269955941	0.128141128872	0.128141128872	0.447396645623	0.330969579611	0.359398896324	0.450995569061	0.229047725514	0.437996943406	0.299604482269	0.426940271977	0.128141128872	0.128141128872	0.397507044038	0.379257716953	0.456344598603	0.451725977544	0.387614127957	0.408799910957	0.309991118458	0.314077314468	0.261867276934	0.325924150551	0.128141128872	0.431996400441	0.0	0.235331091811	0.430168041978	0.262828788707	0.436271469239	0.294756810706	0.452255504901	0.31583810954	0.372637027727	0.387777780032	0.484251558308	0.388988669396	0.425203895768	0.128141128872	0.234126612144	0.39668048526	0.406313144643	0.393686591508	0.432985065087	
55	0.370615753043	0.220530670652	0.272359089367	0.247010058381	0.226618627652	0.370801091173	0.231113739429	0.463565850965	0.229660294196	0.226618627652	0.465283630282	0.392075634584	0.329500031686	0.270414555824	0.383749206161	0.478035430194	0.389273137526	0.45027665097	0.254204096294	0.226618627652	0.226618627652	0.226618627652	0.249450301345	0.457617002372	0.238069616253	0.463513502333	0.319332805559	0.369443626842	0.465032044142	0.490657282493	0.226618627652	0.226618627652	0.429063597613	0.229054460939	0.349739130399	0.406636539561	0.441400704874	0.367470564089	0.499887375506	0.387746445697	0.226618627652	0.226618627652	0.406796893859	0.243065881306	0.268530637206	0.337176929429	0.230348343813	0.460074624098	0.32746570679	0.39707626161	0.465773305197	0.490788594182	0.226618627652	0.338966543055	0.25118838255	0.0	0.343134879396	0.447802320835	0.498770782023	0.498357021651	0.323822659028	0.524894841406	0.510925137701	0.388746488768	0.367873895806	0.537139519067	0.337605719872	0.226618627652	0.268060443205	0.409519591244	0.35721213386	0.419573211407	0.335775891728	
56	0.481852244156	0.383028669046	0.477631679371	0.332266109591	0.141662753816	0.489250928697	0.183844398976	0.371499687641	0.385119322771	0.141662753816	0.383948338459	0.413586444317	0.465675180299	0.462062930589	0.433535876834	0.39712537839	0.43027256152	0.402213939637	0.389137796335	0.141662753816	0.141662753816	0.141662753816	0.32081925627	0.450814827235	0.294216757027	0.34925575747	0.469141049629	0.458403557576	0.338610026973	0.363229503996	0.141662753816	0.141662753816	0.468988665791	0.329398096291	0.447319364146	0.481419887276	0.239232307419	0.452060556524	0.321351567122	0.372928306189	0.141662753816	0.141662753816	0.368809647397	0.40656954529	0.432527612199	0.474764365527	0.313853247395	0.452399786853	0.477754677005	0.437344597528	0.294541257288	0.397754723071	0.141662753816	0.473701303886	0.461660230091	0.318654837177	0.0	0.311167425828	0.437852156617	0.334348071885	0.47146351057	0.287590031523	0.38885039633	0.391488164345	0.424897814353	0.387085821886	0.466403288404	0.141662753816	0.469279391316	0.434547542548	0.44091867811	0.412542503894	0.48624672793	
57	0.350056482526	0.227017649	0.336191465097	0.216403204693	0.207760059615	0.343402792418	0.211925133305	0.4002506425	0.249765643596	0.207760059615	0.434097939637	0.424526840055	0.328735580122	0.237767335984	0.26897266424	0.459116533281	0.37419596586	0.471890167733	0.238945375175	0.207760059615	0.207760059615	0.207760059615	0.225106604359	0.457963347414	0.206483326431	0.459525106479	0.352367668372	0.361838818884	0.457666146887	0.489960718561	0.207760059615	0.207760059615	0.418007258639	0.22689984661	0.386516394556	0.359867588815	0.440023835627	0.321841123929	0.46885174976	0.326143054819	0.207760059615	0.207760059615	0.368683574018	0.225484761083	0.231598734886	0.296618119237	0.219860999977	0.395037488167	0.342285872395	0.391557421436	0.44178470353	0.433604672353	0.207760059615	0.31900489181	0.330155313583	0.472215068652	0.304109616371	0.0	0.426157025319	0.455941483085	0.292352934028	0.464396715706	0.424912619305	0.334030052715	0.331163744733	0.441720649842	0.330090984253	0.207760059615	0.324200711482	0.344508916125	0.343686074249	0.412066807324	0.341951890901	
58	0.491126366422	0.411587071512	0.484121612017	0.404216508812	0.350909647163	0.442748614022	0.355734927405	0.461530933882	0.426118800735	0.350909647163	0.497529495458	0.409587267481	0.482279923193	0.364528034931	0.429298094767	0.544195909842	0.491422458924	0.437106761448	0.376327032266	0.350909647163	0.350909647163	0.350909647163	0.374005245892	0.511619303195	0.379296702298	0.552046411305	0.485385176712	0.498287704371	0.505566530887	0.581371533149	0.350909647163	0.350909647163	0.475796678428	0.382430720493	0.493624000684	0.473928626033	0.499310323404	0.452927301185	0.518219476813	0.470877085916	0.350909647163	0.350909647163	0.448287893079	0.426580584286	0.39750699816	0.378490836846	0.379186721536	0.477243436095	0.458619182123	0.470635283196	0.46869472312	0.515222568257	0.350909647163	0.433653226674	0.451499611379	0.479107867614	0.426111493372	0.421180205372	0.0	0.53242054247	0.486391962943	0.558318119174	0.449465814577	0.45964185722	0.366844946365	0.52388024698	0.399232961722	0.350909647163	0.447972057781	0.389886856696	0.501093194154	0.534959934216	0.478653536515	
59	0.381686677988	0.238142612715	0.385359522638	0.23177951522	0.204172623306	0.294236611345	0.210707938619	0.455258888421	0.266629423686	0.204172623306	0.496726339827	0.467917524254	0.343511321649	0.291163747136	0.330319986682	0.494064626167	0.448814794309	0.464193248039	0.236614939529	0.204172623306	0.204172623306	0.204172623306	0.229312066352	0.514779492872	0.215137767694	0.467989839195	0.405186097381	0.363816842124	0.479633326796	0.515738921318	0.204172623306	0.204172623306	0.402237814353	0.225237116404	0.360331042449	0.352857755197	0.43799764309	0.313014891569	0.439415563444	0.352428781722	0.204172623306	0.204172623306	0.41359915141	0.284147950271	0.305476455506	0.370771773986	0.250155430499	0.475579850389	0.319469916677	0.429907052568	0.448578088013	0.437305655682	0.204172623306	0.411002447943	0.293497359914	0.473420037472	0.302964188617	0.452075993057	0.492428076363	0.0	0.377263227012	0.492194130638	0.387507662252	0.407301866516	0.357337182165	0.472792793219	0.39568759897	0.204172623306	0.268857725426	0.468959171287	0.45129300828	0.430115065092	0.395046264751	
60	0.469587459746	0.381457397263	0.430375697216	0.407758047831	0.125852247743	0.481534930283	0.162969680438	0.354741197684	0.411863713005	0.125852247743	0.379118341431	0.398789276301	0.457119234615	0.449327893475	0.469976254703	0.358115421371	0.431247384751	0.378665685786	0.328121983314	0.125852247743	0.125852247743	0.125852247743	0.293781499129	0.44482057243	0.387742354587	0.36647171314	0.457082721677	0.480853737311	0.342508200654	0.342319370405	0.125852247743	0.125852247743	0.458971176284	0.318662782288	0.472308717128	0.493114232801	0.284732569855	0.440322562383	0.308681142829	0.459806918897	0.125852247743	0.125852247743	0.433908069828	0.450542261424	0.489864792716	0.410846810369	0.387538332088	0.463188633986	0.46996688482	0.43904704054	0.319413583072	0.43307066942	0.125852247743	0.464361475298	0.451996681473	0.310502810793	0.420272392315	0.317947555393	0.452405543046	0.383981751383	0.0	0.373583491218	0.404719261874	0.44954051734	0.476457872404	0.406682997038	0.449375117068	0.125852247743	0.45207562718	0.452039998067	0.44193581633	0.395660631547	0.470230233024	
61	0.428594966721	0.322017867551	0.382618928953	0.250169969214	0.209652491357	0.378728166973	0.216900061753	0.481815005354	0.368925893142	0.209652491357	0.496020308829	0.498782268762	0.362946355072	0.292452709474	0.273826910155	0.506886600115	0.424838377018	0.505024857453	0.239895403737	0.209652491357	0.209652491357	0.209652491357	0.233423559481	0.460756026222	0.209525404608	0.43600466877	0.389188596403	0.422662885495	0.460663486329	0.478665545422	0.209652491357	0.209652491357	0.475650660217	0.243678630417	0.402509216466	0.37998129753	0.4500437548	0.293975754548	0.441694733269	0.403572383869	0.209652491357	0.209652491357	0.473434206364	0.304288844133	0.335229855342	0.390068575211	0.267438962071	0.478942845975	0.425625475715	0.477725962351	0.447677264303	0.507428910165	0.209652491357	0.370935675681	0.386992517939	0.51555919691	0.264189926115	0.468946188769	0.551680903831	0.494198077682	0.345605148343	0.0	0.430420294909	0.48320458186	0.392304492997	0.482125764793	0.420311326067	0.209652491357	0.374543473473	0.508837386263	0.453851739369	0.509692693266	0.41769670481	
62	0.434752626694	0.361405939169	0.403879616107	0.360614218384	0.343365768182	0.392064533247	0.345963622868	0.449810652417	0.380399368037	0.343365768182	0.477297072494	0.427250276961	0.402119345093	0.333136670409	0.361833114238	0.43754358221	0.383354418879	0.430182746099	0.367977521198	0.343365768182	0.343365768182	0.343365768182	0.364607984253	0.440102833533	0.350605453941	0.450336402291	0.402693910921	0.404784994808	0.438694469241	0.496850436871	0.343365768182	0.343365768182	0.409695221217	0.36118702314	0.399747815614	0.41654852606	0.513128751012	0.395017836998	0.489619877932	0.417424121303	0.343365768182	0.343365768182	0.415653479043	0.367998650675	0.368326264457	0.36498551688	0.36400999135	0.322973828856	0.386217742919	0.411892439353	0.493713931656	0.383639485092	0.343365768182	0.421940063234	0.372399737535	0.484835721892	0.389178275948	0.466075461917	0.456885031104	0.437232003906	0.409842652821	0.449059697437	0.0	0.410509986303	0.350857425448	0.43626321847	0.368467996507	0.343365768182	0.376761215891	0.439307563058	0.416561861514	0.463873103639	0.407545983661	
63	0.437492674823	0.230620754643	0.425789511905	0.273891736888	0.231510421686	0.407469760854	0.240739506489	0.410936176052	0.241453414409	0.231510421686	0.463774191553	0.423587056291	0.402689197892	0.332379140893	0.388870066498	0.459889518987	0.445896623705	0.418618544934	0.264969843379	0.231510421686	0.231510421686	0.231510421686	0.273470074528	0.488861875882	0.265846039963	0.473110114507	0.440185129387	0.507856986562	0.466210143409	0.490735998028	0.231510421686	0.231510421686	0.498021401501	0.228461455709	0.447893175017	0.444971823607	0.423972603335	0.36680542009	0.407982101962	0.372139517168	0.231510421686	0.231510421686	0.46161247442	0.381478890753	0.365310127762	0.386286668183	0.25112342314	0.437582968263	0.424636263342	0.417529034445	0.407515010579	0.461079986066	0.231510421686	0.434410690046	0.415954926804	0.391098504063	0.377453711782	0.392486484862	0.455688123903	0.427263180135	0.425209710062	0.483394773357	0.38458005037	0.0	0.44497053547	0.460751073141	0.470239821335	0.231510421686	0.434099971449	0.398829286892	0.465663837601	0.414856763612	0.456248106258	
64	0.441446597464	0.38848910769	0.523411363769	0.329032355976	0.222390352155	0.500500920645	0.31185459127	0.432683643775	0.40751467695	0.222390352155	0.480101994046	0.36748586219	0.512797385868	0.348547703487	0.47918999025	0.450013278904	0.442305055436	0.357617614489	0.32130011388	0.222390352155	0.222390352155	0.222390352155	0.27221137791	0.515807364089	0.294432968007	0.455562193363	0.487814467749	0.519608285326	0.402660566166	0.430399694366	0.222390352155	0.222390352155	0.470836703625	0.33576120531	0.523645805945	0.486508059354	0.356299361573	0.45988471283	0.378002850013	0.378386978189	0.222390352155	0.222390352155	0.471066601327	0.373401529599	0.4564746009	0.472633954249	0.315735690101	0.46917556824	0.495534216659	0.486174408289	0.352279346377	0.496306027705	0.222390352155	0.514458518811	0.49936104273	0.328053799115	0.389613698483	0.334092829201	0.363045027624	0.399365002836	0.456151605543	0.412023903252	0.351669414321	0.404004799416	0.0	0.455155345106	0.460706288458	0.222390352155	0.456490173116	0.406995850742	0.468175856178	0.500382444227	0.50980431253	
65	0.419867272386	0.294910821825	0.453559141506	0.315782713642	0.241964903175	0.362707783755	0.24885793726	0.484272593205	0.319349511993	0.241964903175	0.477411073867	0.515899376402	0.461162847736	0.326991692474	0.321163507887	0.482822056056	0.445801613536	0.49634065309	0.279176763899	0.241964903175	0.241964903175	0.241964903175	0.281875897047	0.506975240722	0.246561120686	0.465740976184	0.437376006348	0.420247004356	0.471996020327	0.49191857506	0.241964903175	0.241964903175	0.525226236438	0.284963532006	0.429689957813	0.403469161459	0.48272154119	0.333666907066	0.434985279873	0.390653705004	0.241964903175	0.241964903175	0.42860791352	0.336957884706	0.339974547228	0.38550169152	0.294183325953	0.496838985889	0.423149086888	0.48320815479	0.469861894628	0.517602598188	0.241964903175	0.398874088298	0.383488740676	0.517483566497	0.394839413933	0.453282430477	0.505374427986	0.458274091038	0.448741152745	0.477159874309	0.456417803255	0.456030441468	0.465192257066	0.0	0.470902708339	0.241964903175	0.398615763492	0.505414428824	0.479839153191	0.505990316423	0.41272810932	
66	0.428275280089	0.315025076172	0.435711933477	0.339469858009	0.124179151796	0.444821587337	0.14820483788	0.390698444282	0.425232753511	0.124179151796	0.4160704542	0.371160375113	0.457520700604	0.373975309029	0.422596156465	0.410074739437	0.438931687989	0.34033834464	0.287032920066	0.124179151796	0.124179151796	0.124179151796	0.235932700102	0.453085439392	0.301092384858	0.434210137373	0.45125714932	0.447771500958	0.376635500413	0.406338883523	0.124179151796	0.124179151796	0.460407831361	0.240569252913	0.424530624333	0.413925438687	0.324440069735	0.416466409215	0.356317160281	0.480365694146	0.124179151796	0.124179151796	0.417857143867	0.386910206894	0.409307479974	0.431376610336	0.361167376555	0.457360570386	0.430649078837	0.427069381223	0.319090305671	0.450627185739	0.124179151796	0.464303846523	0.416951259772	0.326529494307	0.446378981297	0.322813216735	0.410791150646	0.381512667244	0.413964631915	0.393103115711	0.369839610995	0.458165844765	0.454689492404	0.463692989035	0.0	0.124179151796	0.366560925964	0.41786118317	0.461237217554	0.470446041218	0.45371559533	
67	0.126748560483	0.128677543104	0.126295931083	0.128677543104	0.5	0.177787475505	0.0	0.198607404131	0.142911455025	0.5	0.146103482669	0.197459963716	0.126295931083	0.129055919944	0.127208696262	0.190505319391	0.130538555981	0.283401463335	0.126012791557	0.5	0.5	0.5	0.119827616791	0.177151604803	0.128677543104	0.136079072542	0.148563486365	0.178679419131	0.159005707092	0.169805942485	0.5	0.5	0.184071986892	0.126012791557	0.135593458049	0.194061564959	0.189700788335	0.128604505867	0.25408313791	0.21471307987	0.5	0.5	0.202795432346	0.130343544391	0.167074718289	0.124581717924	0.130343544391	0.243787837318	0.153375050848	0.137299018653	0.212899941225	0.19896853773	0.5	0.146478520477	0.128141128872	0.226618627652	0.141662753816	0.207760059615	0.350909647163	0.204172623306	0.125852247743	0.209652491357	0.343365768182	0.231510421686	0.222390352155	0.241964903175	0.124179151796	0.5	0.128141128872	0.20638346147	0.122317833056	0.294307891486	0.174603708433	
68	0.464433924753	0.391557749421	0.422371235539	0.370989334534	0.128141128872	0.457998872148	0.174492063838	0.312338948455	0.463712085236	0.128141128872	0.361891797375	0.311162951858	0.436683935794	0.445218360386	0.453177768416	0.314745034067	0.37283328134	0.311835475901	0.37163636339	0.128141128872	0.128141128872	0.128141128872	0.310252580818	0.397679949016	0.39526820444	0.313307066088	0.458438476882	0.426502226707	0.275069910522	0.317664625178	0.128141128872	0.128141128872	0.422856777353	0.351503266006	0.362481701912	0.412609372871	0.225692348359	0.466699056504	0.294135881578	0.399515113075	0.128141128872	0.128141128872	0.395858974387	0.434276510418	0.491114547807	0.448891133	0.448549614775	0.40407178302	0.346295805734	0.315705786566	0.254859243636	0.321842355493	0.128141128872	0.430109843692	0.26242521992	0.247213885665	0.45737974326	0.251248215954	0.429456109562	0.277116278682	0.442445511819	0.298949132244	0.375068269847	0.38817354909	0.455670394877	0.390977146121	0.402495740577	0.128141128872	0.0	0.381673197421	0.419036831767	0.383901533919	0.469365439295	
69	0.460716380035	0.329685967279	0.405101309893	0.330053547944	0.20638346147	0.394383889662	0.216232924056	0.392260511945	0.357711467353	0.20638346147	0.453588982612	0.388905494023	0.43562932841	0.341226402238	0.422971474155	0.518897879548	0.432761470053	0.390492709699	0.249943306235	0.20638346147	0.20638346147	0.20638346147	0.258218532887	0.517647701467	0.298471035265	0.485208676503	0.472283384295	0.496770496458	0.469020704033	0.531931229909	0.20638346147	0.20638346147	0.49158914384	0.273265608686	0.467962182065	0.475874017093	0.427838317607	0.428920387607	0.417785720135	0.437685066529	0.20638346147	0.20638346147	0.458819269253	0.382243065663	0.419399059975	0.398050160026	0.333667274395	0.494730217549	0.443500222471	0.421083834121	0.360760516582	0.514984196375	0.20638346147	0.37020899024	0.424952213581	0.439831284325	0.436090695431	0.360681123149	0.390945515323	0.488340597618	0.468828795635	0.511583439324	0.380104560582	0.394421502477	0.434081942393	0.515144465085	0.439236972537	0.20638346147	0.408431648455	0.0	0.466697756924	0.499242059156	0.439003382247	
70	0.439482406374	0.289431436266	0.421644879566	0.258624974975	0.122317833056	0.37162984099	0.141382771046	0.399846453743	0.335075448769	0.122317833056	0.464464967476	0.469217895909	0.462811040716	0.404991662227	0.442884639982	0.398789028153	0.45776641923	0.462184353904	0.251831004981	0.122317833056	0.122317833056	0.122317833056	0.217121126845	0.429309296019	0.254366939255	0.401607310831	0.468162417394	0.473704885979	0.429199304533	0.434145077467	0.122317833056	0.122317833056	0.488761658995	0.206209266231	0.47650469649	0.480066436975	0.382454220259	0.397287400915	0.368802816367	0.464113354956	0.122317833056	0.122317833056	0.476229779204	0.281859296866	0.38049516873	0.442549313084	0.290059279603	0.501385915461	0.387239370737	0.465176684018	0.397459196255	0.498154335099	0.122317833056	0.454939740623	0.406363828699	0.38297248904	0.441571484708	0.42518449541	0.489740631304	0.434078826356	0.426511650052	0.452603612576	0.399540346943	0.430840027633	0.487038393606	0.483946856601	0.475388616364	0.122317833056	0.410578431149	0.462092109681	0.0	0.433859990998	0.440680767146	
71	0.431737961723	0.285686550093	0.358886095754	0.302195217559	0.294307891486	0.407616426696	0.300047007121	0.436313384512	0.25144130742	0.294307891486	0.535803349814	0.494845073905	0.323259899327	0.385422334565	0.4036170233	0.460960323872	0.466103366047	0.484878550574	0.321612046887	0.294307891486	0.294307891486	0.294307891486	0.320566800807	0.528649816096	0.337140240433	0.506642387331	0.468239177995	0.482790409954	0.480164941651	0.502131235456	0.294307891486	0.294307891486	0.511525984403	0.280683930255	0.392893715712	0.410301439844	0.422289507999	0.401240412027	0.404287613003	0.435604004338	0.294307891486	0.294307891486	0.50023373294	0.292662960964	0.32252234979	0.410938580535	0.298450722267	0.496225117807	0.430593174113	0.468119477848	0.418018324102	0.403693708702	0.294307891486	0.438831526305	0.399089210191	0.425883145465	0.393422505218	0.454055682515	0.511165418604	0.462556558983	0.398258655893	0.515446912687	0.50152695153	0.414459647692	0.453721460723	0.512305438404	0.44559782135	0.294307891486	0.395959454499	0.471219325687	0.432659825735	0.0	0.370130437914	
72	0.48775513781	0.413772269698	0.415239416004	0.371654146272	0.174603708433	0.449501992484	0.206433997766	0.430985324173	0.464085543838	0.174603708433	0.399520703842	0.455109107407	0.437396908681	0.472953891363	0.460933864276	0.331250734821	0.427605392413	0.402758718346	0.417884753668	0.174603708433	0.174603708433	0.174603708433	0.325248066007	0.450362013121	0.436274957123	0.418211228154	0.481712801509	0.466242252908	0.392941020407	0.415811483656	0.174603708433	0.174603708433	0.474256372104	0.425713980548	0.482724953189	0.506675998734	0.369611146707	0.476237683238	0.352916261443	0.473937538929	0.174603708433	0.174603708433	0.421104117625	0.397065979928	0.482946034628	0.488425325145	0.398712611388	0.452646759022	0.455388367093	0.426173409666	0.375336803898	0.415164013769	0.174603708433	0.445921782499	0.438760296508	0.395190182517	0.468744884481	0.387593973348	0.496289535892	0.441658321862	0.465378531435	0.435936555517	0.403222035578	0.444674913936	0.521129247151	0.437808437975	0.475395781487	0.174603708433	0.470396290759	0.460854535076	0.408397467	0.386332259302	0.0	
